Filename,a-pinene,linalool,methyl 2-hydroxybenzoate,b-caryophyllene,a-farnesene,benzaldehyde,indole,a-farnesol,(E)-hex-3-en-1-ol
3uL0.0001Tendeg_08092018.qgd,138170,0,136671,65792,0,343424,0,0,116882
5STD3uL0.1_07152018.qgd,17753581,99987601,89827364,72933128,4224262,32242461,54525295,5590086,95760471
5STD3uL0.1rep_07122018.qgd,42598393,95277351,84425512,65191050,4529003,28318554,39562395,5460689,82569101
Alk_3ul_0.01_MeOH_6202019_03.qgd,65175,0,0,0,0,396811,0,0,129363
Alkanes3uL0.01_08122018.qgd,0,0,0,0,0,106287,0,0,0
Alkanes3uL0.01_08172017.qgd,0,0,0,0,0,386493,0,0,0
Alkanes3uL0.01Adams_08112018.qgd,0,0,0,0,0,214367,0,0,0
Alkanes3uL0.01Adams08122018.qgd,0,0,0,0,0,0,0,0,0
Alkanes3uL0.01Adamsrep_08122018.qgd,0,0,0,0,0,53203,0,0,0
Alkanes3uL0.01Ipo_09032018.qgd,105751,0,0,2017456,0,625444,0,9801942,350736
Alkanes3uL0.01Tendeg_08112018.qgd,0,0,0,0,0,440407,0,0,0
Indole_3uL_0.0001_6212019_01.qgd,617854,0,119132,0,0,0,0,109130,192092
Indole_3uL_0.001_6212019_02.qgd,499705,458539,339836,0,0,0,0,0,484876
Indole_3uL_0.01_200C_220C_6212019_03.qgd,447844,0,196281,0,0,0,0,496596,0
Indole_3uL_0.01_250C_200C_6212019_04.qgd,80982,0,144738,0,0,630630,0,204173,0
Indole_3uL_0.1_6212019_05.qgd,94744,0,269804,0,0,1391166,39067174,730558,104572
STD10uL0.01_07062018.qgd,1903949,3895047,3045507,1705795,0,1203946,995501,342389,2866072
STD3mix3uL0.01_08122018.qgd,301850,38264,113516,0,0,250031,0,0,0
STD3mix3uL0.01rep_08122018.qgd,872648,0,0,0,0,504106,0,0,0
STD3uL0 (1).qgd,4936178,106835,15286961,9374599,0,262293,7334078,274967,6884032
STD3uL0 (2).qgd,40355450,0,127020215,96546358,0,322006,121113951,0,77965650
STD3uL0 (3).qgd,5469964,3351698,14338100,8626718,0,1203557,12196588,0,9452859
STD3uL0.0001_07062018.qgd,45448,78295,136345,16511,0,150032,0,210827,76022
STD3uL0.0001_07112017.qgd,613564,0,0,0,0,1208728,0,0,0
STD3uL0.0001_07122017.qgd,825968,1843284,0,403258,0,2833992,0,4725550,0
STD3uL0.0001_07122018.qgd,313533,387405,855392,514907,0,430192,663018,963135,503360
STD3uL0.0001_07152018.qgd,229991,1206318,1717070,0,0,865950,0,0,638777
STD3uL0.0001_07242017.qgd,421324,471582,0,106110,0,802186,0,0,0
STD3uL0.0001_07252017.qgd,465380,789138,1275732,257754,0,1875198,572618,964342,0
STD3uL0.0001_08062018.qgd,0,0,0,0,0,0,0,0,0
STD3uL0.0001_08072018.qgd,345789,773849,338215,185494,0,585590,0,338436,456836
STD3uL0.0001_09032018.qgd,291211,806417,782938,388970,0,663251,0,0,542270
STD3uL0.0001_2018fresh_6212019_01.qgd,648162,0,146473,0,0,0,0,221138,281364
STD3uL0.0001_2018old_6212019_02.qgd,312776,988027,473661,241427,0,845133,0,0,439922
Std3uL0.0001Aug24_0.0001A_08242018.qgd,458249,840464,590070,305711,0,873099,0,0,0
Std3uL0.0001Aug24_0.0001B_08242018.qgd,471216,982746,914465,388855,0,928682,0,1616048,1006160
Std3uL0.0001Aug24_0.0001C_08242018.qgd,321165,1646012,873912,431782,0,649549,0,775469,1172149
STD3uL0.0001rep1_6202019_05.qgd,162017,720648,196479,85682,0,0,0,0,96877
STD3uL0.0001rep2_08062018.qgd,236820,926574,315795,160542,151519,352455,0,0,403908
STD3uL0.0001rep2_6202019_12.qgd,1380918,0,628005,0,0,0,0,732019,920525
STD3uL0.0001try2_08062018.qgd,0,0,0,0,277376,0,0,0,0
STD3uL0.001_06202019.qgd,512506,4597235,3378800,803146,0,708355,0,28605816,1548976
STD3uL0.001_07052018.qgd,105701,146318,200284,78342,0,69248,166199,994662,114559
STD3uL0.001_07062018.qgd,54613,105049,105366,44468,0,84941,0,0,109715
STD3uL0.001_07112017.qgd,877978,3093632,3715100,0,0,2410356,0,0,1132322
STD3uL0.001_07122017.qgd,2654070,2464168,3652406,1901692,0,2325070,0,2326632,1575956
STD3uL0.001_07122018.qgd,6763446,15124198,12185450,7711141,662960,5082081,2811428,196149,11243930
STD3uL0.001_07132017.qgd,1304124,1677190,787652,550656,0,1033568,1073166,0,793186
STD3uL0.001_07242017.qgd,5606200,1916772,2780708,1002508,0,2113560,1924458,1440712,0
STD3uL0.001_08062018.qgd,1866160,3898383,2058762,1089961,0,1152694,0,0,1905685
STD3uL0.001_08182018.qgd,3266055,3865627,1769853,1201437,0,1516043,0,0,1756206
STD3uL0.001_09032018.qgd,1721409,5323450,2999062,1603317,0,1761761,0,0,3080822
STD3uL0.001_2018fresh_6212019_03.qgd,1460257,3170229,3030358,1480093,0,1020112,0,346289,2285933
Std3uL0.001Aug24_0.001A_08242018.qgd,1712110,4028428,2671810,1546774,0,1310859,418412,0,3108277
Std3uL0.001Aug24_0.001B_08242018.qgd,1484588,3930998,2448422,1330069,0,1408998,391267,1726908,2563807
Std3uL0.001Aug24_0.001C_08242018.qgd,2008303,4262655,2778273,1506969,0,1450474,575073,1710672,3448419
STD3uL0.001rep_07122018.qgd,1212487,3147272,2614240,1175858,0,1364986,498277,407658,2133226
STD3uL0.001rep_07152018.qgd,814660,3484605,2621546,1249841,0,1615785,718625,0,2321167
STD3uL0.001rep1_6202019_06.qgd,430250,3881469,1501077,483245,0,533948,0,0,746182
STD3uL0.001rep2_08062018.qgd,1707177,3475383,1830572,1034748,0,1035658,0,1475365,1794057
STD3uL0.001rep2_6202019_13.qgd,1568668,6304388,3457921,0,0,0,0,862917,2008620
STD3uL0.001Tendeg_08092018.qgd,651704,331306,1268880,745923,0,265374,699186,0,556795
STD3uL0.01_06152018.qgd,267139,2006533,318275,586007,0,258323,203611,0,215777
STD3uL0.01_06162018.qgd,755758,5295675,6075285,2031150,0,2544883,0,0,665604
STD3uL0.01_06202019.qgd,3149044,25517748,16143505,6711944,0,0,0,11009531,7452091
STD3uL0.01_06232018.qgd,549798,1291043,1495119,645750,0,273664,563439,1341339,816905
STD3uL0.01_06292018.qgd,750581,15651,5030666,3075013,0,33199,4354369,2566822,1803623
STD3uL0.01_06302017.qgd,12443090,12017812,0,0,0,364184,0,0,0
STD3uL0.01_07052018.qgd,954991,2021035,1780830,926760,0,671816,595055,85719,1545132
STD3uL0.01_07062018.qgd,536835,1263324,1073117,472227,0,266437,379886,91025,948270
STD3uL0.01_07102017.qgd,7221190,9010944,15464356,6716928,834840,6093300,8520216,5913516,4568046
STD3uL0.01_07112017.qgd,13624368,24326468,28980606,11016374,0,10561998,17856762,19736152,9654842
STD3uL0.01_07122018.qgd,11665536,22761140,19665729,13066538,4640876,7537040,0,109256051,17327400
STD3uL0.01_07152018.qgd,14828774,16293555,13548305,6688198,0,6435086,4198356,2659416,10233564
STD3uL0.01_07242017.qgd,0,0,0,0,0,0,0,9129114,0
STD3uL0.01_07252017.qgd,17044826,34602934,41367738,18226316,0,16564228,14753626,2141116,15699622
STD3uL0.01_07252017anal.qgd,17044826,34602934,41367738,18226316,0,16564228,14753626,2141116,15699622
STD3uL0.01_08062018.qgd,3692146,8753077,6407624,4157980,309344,2536629,2097408,1413701,7250650
STD3uL0.01_08072018.qgd,6423409,16402505,15135073,8167241,0,4973177,3643582,839741,13063703
STD3uL0.01_08182018.qgd,5357043,12421548,9132034,6313617,0,3272676,1103558,1132344,10354942
STD3uL0.01_09032018.qgd,7669251,19682241,15862653,8892851,0,5282663,3648175,0,15419063
STD3uL0.01_2018fresh_6212019_04.qgd,7841610,0,24795055,15653163,0,11571220,0,963701,20910122
STD3uL0.01_2018old_6212019_05.qgd,7856130,22937371,20250416,12664061,0,8782619,0,3649266,18805236
STD3uL0.012018_06162018.qgd,354737,4702389,860280,737374,0,691975,0,587006,431141
Std3uL0.01Aug24_0.01A_08242018.qgd,8730284,20878168,17491072,9655796,0,6018595,4556411,1960847,16882888
Std3uL0.01Aug24_0.01B_08242018.qgd,6647491,18149279,13583045,8312894,0,5502281,3842311,11284874,14834665
Std3uL0.01Aug24_0.01C_08242018.qgd,8948283,20815023,16853683,9170591,0,5057641,4262545,15882980,16286885
STD3uL0.01cmpd5_06232018.qgd,1367159,0,5354384,1307191,0,115505,4733681,1583350,2288761
STD3uL0.01DRCrep1_6202019_07.qgd,2867832,31411206,17490239,5755466,0,486793,0,0,8652593
STD3uL0.01DRCrep2_6202019_14.qgd,3796414,35970872,22732948,6942749,0,897308,0,1033201,11220511
STD3uL0.01JPrep1_6202019_08.qgd,4583560,0,21245276,7325223,0,0,0,300727,10277428
STD3uL0.01JPrep2_6202019_15.qgd,3854732,31431198,18270726,6222531,0,467783,0,624725,9743583
STD3uL0.01new_06162018.qgd,1597088,13951966,33574839,6088211,0,3312824,5630682,15986581,3578594
STD3uL0.01redo_06232018.qgd,562516,1190731,1095556,645134,0,387576,653656,2852563,984270
STD3uL0.01rep_07122018.qgd,46567899,102878505,87920624,73778110,6911350,32876165,27950906,1613693,94774818
STD3uL0.01rep_07252017.qgd,0,0,0,389638,0,0,735794,11862672,0
STD3uL0.01rep1_06192019.qgd,649743,7001442,4381401,1082256,0,1002482,0,2619677,1504340
STD3uL0.01rep2_06192019.qgd,11621633,0,55464100,25751699,0,0,1105933,2294045,29619693
STD3uL0.01rep2_07122018.qgd,12029382,27556141,20392980,14786767,1388348,7141958,6716814,499265,20783975
STD3uL0.01rep2_08062018.qgd,0,0,0,83137,0,0,0,3570627,0
STD3uL0.01rep2_08072018.qgd,5513308,12521321,10709919,7138174,0,3943890,1605725,52689533,10644407
STD3uL0.01Tendeg_08092018.qgd,5721888,828181,13007665,8882043,0,418727,6808874,0,7091574
STD3uL0.1_06152018.qgd,1779191,9926315,1639018,1699455,0,1653433,1046088,85487,1768405
STD3uL0.1_06192019.qgd,14884942,123599918,27610752,11224997,2001986,434819,53749017,617601,55101046
STD3uL0.1_06202019.qgd,15050063,96431600,63300006,32500109,966627,723938,18057007,799984,45875413
STD3uL0.1_06232018.qgd,1551423,7091869,7110626,3302912,0,1818002,2186014,359068,4861595
STD3uL0.1_06272018.qgd,1414657,7080438,5864335,3318332,17579,1227239,2623301,44700,4287899
STD3uL0.1_06302017.qgd,69630726,151485372,0,0,0,2366434,0,0,0
STD3uL0.1_06302018.qgd,2142006,12332870,11127983,6432155,0,2485983,4077282,0,8800821
STD3uL0.1_07052018.qgd,2096632,5549677,5491698,0,86204,1311473,2599795,187452,4850033
STD3uL0.1_07062018.qgd,3659089,6625706,5674913,3094847,70132,1535572,1920266,382631,5732713
STD3uL0.1_07102017.qgd,60849524,67172576,98029950,36263528,3268642,40521334,66035750,57179684,31128702
STD3uL0.1_07122018.qgd,6718950,581098,11995152,10243845,915437,938914,7020539,24791606,6033785
STD3uL0.1_07242017.qgd,50196368,141355850,158237980,78775954,0,62437148,90846144,0,65642652
STD3uL0.1_08062018.qgd,25185819,93182361,72143362,57613226,1179427,28657232,35012796,537288,86799485
STD3uL0.1_08072018.qgd,25800005,111084145,98340997,62427449,2134177,30374894,48837096,6623523,91661305
STD3uL0.1_09032018.qgd,20441482,119721653,94854094,57773804,1621148,33981079,43763147,2081853,117160757
STD3uL0.1_2018fresh_6212019_06.qgd,25797208,97030419,79928545,0,2850640,37213979,28437834,9510511,92077605
STD3uL0.12018_06162018.qgd,2330431,42283526,8891413,8270214,0,4673749,5400708,867648,4744739
Std3uL0.1Aug24_0.1A_08242018.qgd,42562478,176605903,154119664,113963069,3416813,58240943,72092433,13875213,168586754
Std3uL0.1Aug24_0.1B_08242018.qgd,49344110,174933247,146148740,110252599,3527299,57473827,70891894,168135450,167006472
Std3uL0.1Aug24_0.1C_08242018.qgd,48860290,181182584,161923724,127264627,3757611,62184775,73507597,168532943,173825670
STD3uL0.1cmpd5_06232018.qgd,330777,0,1387828,611803,0,58136,198983,834583,385517
STD3uL0.1new_06162018.qgd,3020619,48376409,98639515,0,69994,12329294,17540745,3243499,14602406
STD3uL0.1redo_06232018.qgd,1786744,6683200,6292246,3189086,0,1464412,2808751,131954,4164768
STD3uL0.1redo_07052018.qgd,3165408,7945620,7507720,3878515,92300,1723046,2699696,457830,5510089
STD3uL0.1rep_06232018.qgd,1746944,6585402,5691691,3372971,0,1350191,1463153,473625,3612223
STD3uL0.1rep_07242017.qgd,65677136,253481554,287514932,143160660,1198400,103291204,128237980,102912656,106478414
STD3uL0.1rep1_6202019_09.qgd,18295461,134646669,85577215,0,0,0,10930115,4985691,64740518
STD3uL0.1rep2_06192019.qgd,12916190,0,0,37319334,0,0,0,0,50199498
STD3uL0.1rep2_6202019_16.qgd,18609933,128024847,74163349,0,624333,0,2166678,1860415,51944264
STD3uL0.1rep3_06192019.qgd,13547151,44540188,80659915,95063603,0,0,101374341,13749000,51392966
STD3uL0.1rep4_06192019.qgd,21151875,147504111,102337068,5458976,0,1177700,64551852,6443641,75369780
STD3uL0.1Tendeg_08092018.qgd,31759843,1436959,88850781,67120456,0,542091,75270771,0,49613425
STD4imix3uL0.0001_09032018.qgd,0,0,78447,0,0,471633,0,211591,0
STD4imix3uL0.0001rep_09032018.qgd,0,0,168038,0,0,282835,0,159384,0
STD4imix3uL0.001_09032018.qgd,74289,71462,161719,21623,0,377379,0,165321,114463
STD4imix3uL0.001rep_09032018.qgd,0,0,88668,0,0,319070,0,149007,0
STD4imix3uL0.01_09032018.qgd,0,0,67805,0,0,599050,4225850,0,0
STD4imix3uL0.01rep_09032018.qgd,0,0,225288,0,0,559385,4231615,0,0
STD4imix3uL0.1_09032018.qgd,98028,317189,253799,0,0,770514,44215744,0,535122
STD4imix3uL0.1rep_09032018.qgd,0,0,67867,0,0,823100,39079311,0,0
STD4mix3uL0.01_08252018.qgd,0,0,0,0,0,0,0,0,0
STD4mix3uL0.01retry_08252018.qgd,0,0,112071,0,0,376993,0,0,0
STD5uL0.01_07062018.qgd,1090872,2424315,1749904,1078799,0,703074,662655,196167,1873223
Blank_07192019.qgd,0,0,0,0,0,0,0,0,0
STDs3uL0.01_07192019.qgd,3470424,41778590,16866995,8111117,0,327494,0,0,5423419
STDs3uL0.01280_07192019.qgd,4910667,90916387,49684220,17234264,0,860958,0,10442593,18308845
STDs3uL0.015flow_07192019.qgd,2046723,26239016,14038716,6576102,0,227621,0,9066667,2920900
STDs3uL0.01rep2_07192019.qgd,4736043,95632926,49796545,17293910,0,883337,1848383,3696542,18766526
ALK3uL0.01_7232019_11.qgd,0,0,757413,970918,0,367686,0,831885,191848
STD3uL0.0001_7232019_02.qgd,57770,486600,414500,63435,0,321420,360583,0,234414
STD3uL0.0001rep2_7232019_02.qgd,48780,281079,248025,242923,0,173789,78333,337083,138464
STD3uL0.0001rep3_7232019_03.qgd,79720,432914,401675,0,0,183857,42214,0,268539
STD3uL0.001_7232019_03.qgd,326853,2030951,1248361,461475,0,667608,411108,477582,553893
STD3uL0.001rep2_7232019_04.qgd,210672,1693160,889570,400777,0,147435,194212,383498,479431
STD3uL0.001rep3_7232019_05.qgd,261833,2791883,1737643,661804,0,249480,534594,694728,581184
STD3uL0.01_7232019_04.qgd,1277536,13451650,8605408,2796375,0,328853,3314727,4505894,3347414
STD3uL0.01rep2_7232019_06.qgd,2405694,22496887,15868839,7267753,0,245534,5128856,3921875,6559871
STD3uL0.01rep3_7232019_07.qgd,2387333,19390272,12557274,5511999,0,374520,4334684,4825682,5260679
STD3uL0.01rep4_7232019_08.qgd,72192,0,289449,0,0,453335,15982961,0,0
STD3uL0.1_7232019_05.qgd,8143254,55984317,34222523,18042037,244252,113244,15777520,17667330,26442179
STD3uL0.1rep2_7232019_09.qgd,6628885,64799750,41864806,21579392,393196,194926,19855586,22040632,26401434
STD3uL0.1rep3_7232019_10.qgd,9063778,92716679,61367475,31515569,305083,212454,31963584,30296877,38430858
apinene_3octanone_3uL0.01rep1_7242019_07.qgd,1980110,165501,383299,193085,0,459708,183312,537983,0
apinene_3octanone_3uL0.01rep2_7242019_08.qgd,2901704,168112,358067,63564,0,158768,0,0,0
apinene_3octanone_3uL0.1rep1_7242019_09.qgd,12124060,1200326,658741,194354,0,371791,310068,158005,677529
apinene_3octanone_3uL0.1rep2_7242019_10.qgd,13646047,204722,364109,0,0,309983,0,0,0
STD3uL0.0001rep1_7242019_02.qgd,78704,691457,934921,151536,0,302311,248702,452179,296662
STD3uL0.0001rep2_7242019_03.qgd,108029,519045,631387,133820,0,449604,0,499254,329107
STD3uL0.001rep1_7242019_04.qgd,535244,7778004,5065931,1396820,0,372957,1114326,1902498,1998815
STD3uL0.001rep2_7242019_05.qgd,413644,4261043,4203114,1565301,0,293832,1789507,2048156,1150702
STD3uL0.01_07232019.qgd,1213358,19569892,16769150,4389995,0,132283,4017116,4644686,4071874
STD3uL0.01rep2_7242019_06.qgd,2952757,23978308,15269711,7742415,0,461858,4629455,8064817,6742962
STD3uL0.01rep1_7242019_01.qgd,1797453,23855020,17361746,10084104,189117,282572,5568371,9959758,6571587
ALK3uL0.01_7252019_15.qgd,385807,7811922,7568849,5836978,0,2124464,4619272,4743043,2335087
Blank2_7252019_16.qgd,0,297914,1690323,930735,0,72349,1072357,1041112,104072
STD3uL0.0001rep1_7252019_02.qgd,77861,211445,384115,120546,0,387150,136733,0,338219
STD3uL0.0001rep2_7252019_03.qgd,91531,212316,630202,0,0,0,0,0,0
STD3uL0.0001rep3_7252019_04.qgd,0,0,0,0,0,0,0,0,0
STD3uL0.001rep1_7252019_05.qgd,351027,2598233,4111205,1839918,0,0,559535,1390395,1773284
STD3uL0.001rep2_7252019_06.qgd,909064,0,7656881,4411449,0,7716479,0,0,0
STD3uL0.001rep3_7252019_07.qgd,612121,0,2934403,1473280,0,3761919,0,0,0
STD3uL0.01rep1_7252019_08.qgd,3287723,9434843,11364064,15033551,0,0,0,5730448,4322804
STD3uL0.01rep2_7252019_09.qgd,3311923,8053472,8952944,11509461,0,0,0,7078897,4411324
STD3uL0.01rep3_7252019_10.qgd,3398882,6301905,8402331,16616288,0,793111,0,5390948,2648290
STD3uL0.1indolerep1_7252019_13.qgd,10191466,115202632,86483382,78946481,0,1691588,34078312,45786136,38677972
STD3uL0.1indolerep2_7252019_14.qgd,12929974,175764406,118677884,54963790,1151656,1802905,40729218,50581277,61611970
STD3uL0.1rep1_7252019_11.qgd,13272491,57252388,70179017,71675200,889044,555190,0,56104706,35275896
STD3uL0.1rep2_7252019_12.qgd,12910495,99048698,54967583,68451562,0,0,0,1309048,35462976
STD3uL0.0001rep1_20210624_1.qgd,78505,0,0,0,0,215542,47456,0,0
STD3uL0.0001rep2_20210628_3.qgd,64098,148985,0,1900675,0,351480,389867,0,190060
STD3uL0.0001rep3_20210628_4.qgd,27244,59165,118117,120983,0,149397,73121,0,0
STD3uL0.001rep1_20210624_2.qgd,215972,429111,0,549344,0,526982,343602,0,408694
STD3uL0.001rep2_20210628_5.qgd,262005,617585,234516,540670,0,240073,539107,0,342334
STD3uL0.001rep3_20210628_6.qgd,887844,4415085,0,3283370,958008,441698,3205206,0,2435724
STD3uL0.01rep1_20210624_3.qgd,1260464,3172786,197764,4582337,1439659,359237,3525397,0,1997542
STD3uL0.01rep2_20210628_7.qgd,0,0,0,49114,0,522903,0,0,0
STD3uL0.01rep3_20210628_8.qgd,1607727,5240620,0,5324121,1069669,329936,4084179,0,3225644
STD3uL0.1rep1_20210624_4.qgd,11119656,37651375,0,54955545,14066796,430100,43268348,0,27671633
STD3uL0.1rep2_20210628_9.qgd,10147993,30143736,242879,37689253,10946794,442583,25370113,0,22375178
STD3uL0.1rep3_20210628_10.qgd,8833380,29041034,0,56302602,13774566,281377,42757533,0,17222575
STD3uL0.0001rep1_20210701_2.qgd,47727,150449,0,2672531,0,206762,0,0,144369
STD3uL0.0001rep2_20210701_3.qgd,38145,90177,148107,222291,0,246957,0,0,148019
STD3uL0.0001rep3_20210701_4.qgd,51255,0,183668,169691,0,385710,0,0,0
STD3uL0.001rep1_20210701_5.qgd,177046,417290,473592,304565,0,374248,394009,0,446067
STD3uL0.001rep2_20210701_6.qgd,265290,425904,340965,390777,0,461375,296173,0,638369
STD3uL0.001rep3_20210701_7.qgd,221724,412984,411962,344231,0,395363,318028,0,422758
STD3uL0.01rep1_20210701_8.qgd,1750263,4802968,4296653,4627728,2039935,350774,5417880,0,2928546
STD3uL0.01rep2_20210701_9.qgd,2214072,7183234,5906637,6520134,2320830,488330,8822278,0,5592286
STD3uL0.01rep3_20210701_10.qgd,2192409,3955102,3073143,3820155,1337795,381388,4475657,0,3345571
STD3uL0.1rep1_20210701_11.qgd,8332520,22512510,18640955,25132540,10491885,551673,23623035,0,16982450
STD3uL0.1rep2_20210701_12.qgd,10051240,28231188,25659517,32668559,12115387,549317,29754363,0,19454381
STD3uL0.1rep3_20210701_13.qgd,12566241,38238231,34045687,39384383,16741044,580071,43523915,0,26051891
STD3uL0.0001rep1_7232021_01.qgd,0,101375,190216,0,0,509385,70674,0,0
STD3uL0.0001rep2_7232021_02.qgd,0,107171,248081,227827,0,545851,0,0,0
STD3uL0.0001rep3_7232021_03.qgd,0,169642,229174,0,0,858350,450342,0,0
STD3uL0.001rep1_7232021_04.qgd,244370,588912,725473,509869,0,641929,747889,0,471844
STD3uL0.001rep2_7232021_05.qgd,194590,410811,470922,483009,0,421552,675365,0,269740
STD3uL0.001rep3_7232021_06.qgd,484916,905552,1027637,781446,0,1130900,1836420,0,857994
STD3uL0.01rep1_7232021_07.qgd,2622788,8913678,8014395,7622312,3164905,770521,15388965,0,5304192
STD3uL0.01rep2_7232021_08.qgd,2691293,6545145,5809547,6023914,3037400,614949,9839525,0,4367838
STD3uL0.01rep3_7232021_09.qgd,22497016,86866978,73301010,80994273,30660069,592560,87854691,0,62117786
STD3uL0.1rep1_7232021_10.qgd,22136462,85604601,72880718,91906477,37630472,771237,94192247,0,64424048
STD3uL0.1rep2_7232021_11.qgd,19501030,68819985,58448706,71988430,37591079,622344,92872033,0,49663569
Alkanes_8262021_13.qgd,16699338,112150579,59807292,127860969,43624427,478316,27520162,2051880,49976735
STD3uL0.0001rep1_8262021_01.qgd,0,0,0,0,0,109600,0,0,0
STD3uL0.0001rep2_8262021_02.qgd,0,270717,251059,130584,0,817490,314766,551296,0
STD3uL0.0001rep3_8262021_03.qgd,61722,168557,214143,150517,0,458772,240065,144098,181751
STD3uL0.001rep1_8262021_04.qgd,112959,166446,208402,116300,0,516207,0,0,188445
STD3uL0.001rep2_8262021_05.qgd,590737,1516408,915976,1556104,0,558079,1330392,1419399,1023262
STD3uL0.001rep3_8262021_06.qgd,527210,1358547,809637,1670226,0,518375,1389126,2149488,857875
STD3uL0.01rep1_8262021_07.qgd,638468,1802853,1229876,1656040,0,1324972,1179667,1853835,1213045
STD3uL0.01rep2_8262021_08.qgd,5132845,12461227,6521655,13340465,4554424,831304,13904386,24332390,7746176
STD3uL0.01rep3_8262021_09.qgd,6162532,20756641,10445519,21866800,6090905,866001,17003965,29278155,11693701
STD3uL0.1rep1_8262021_10.qgd,5707100,19162404,9247419,19193334,5687351,1006461,15664766,25535713,10182339
STD3uL0.1rep2_8262021_11.qgd,31718787,152899367,75817699,154825336,48700996,1454886,29258544,202349821,92858708
STD3uL0.1rep3_8262021_12.qgd,23906078,116451565,60693227,127276834,44540728,2116081,27793724,1068165,78923597
Blank1_752022_02.qgd,0,0,24563,0,0,54355,0,0,0
STD3uL0.0001D1rep4_762022_03.qgd,32124,0,0,0,0,589109,0,0,108298
STD3uL0.0001D2rep1_712022_02.qgd,0,0,0,0,0,965025,0,0,0
STD3uL0.0001D2rep2_752022_02.qgd,0,0,0,0,0,1097112,0,0,0
STD3uL0.0001D2rep3_752022_02.qgd,47820,69371,65515,44639,0,254027,91891,0,0
STD3uL0.0001D2rep4_762022_02.qgd,68258,93565,0,0,0,364303,111525,0,0
STD3uL0.0001rep1_6282022_02.qgd,0,0,0,0,0,0,0,0,0
STD3uL0.0001rep2_6282022_02.qgd,0,81244,0,28025,0,371849,0,0,0
STD3uL0.0001rep3_6302022_02.qgd,43013,63424,91282,40912,0,172359,137924,0,0
STD3uL0.001D1rep4_762022_05.qgd,9960603,785769,535102,795110,0,313271,793853,0,594667
STD3uL0.001D2rep1_712022_03.qgd,250070,422561,425385,550434,0,170012,678780,0,296496
STD3uL0.001D2rep2_752022_03.qgd,269796,400764,553620,375691,0,398615,779125,0,208856
STD3uL0.001D2rep3_752022_03.qgd,280542,574854,480829,744893,0,412350,818786,0,398325
STD3uL0.001D2rep4_762022_04.qgd,0,0,0,0,0,0,0,0,0
STD3uL0.001rep1_6282022_03.qgd,0,3126051,0,3638532,578959,4334603,5002914,0,0
STD3uL0.001rep2_6282022_03.qgd,0,1803369,0,2470422,0,1473922,0,0,0
STD3uL0.001rep3_6302022_03.qgd,387602,177936,223683,230075,0,161112,453764,0,136051
STD3uL0.01D1rep3_762022_07.qgd,1719671,5069539,3147532,5274746,1703000,254448,5201295,0,3140735
STD3uL0.01D2rep1_712022_04.qgd,1396773,7308061,6848016,9643786,1402479,457784,9301731,0,3741434
STD3uL0.01D2rep2_752022_04.qgd,2276166,4545786,3140865,4698838,1453100,316318,7282245,0,2661761
STD3uL0.01D2rep3_752022_04.qgd,2560839,6475274,4267255,8581368,3113514,384763,10109804,0,2784824
STD3uL0.01D2rep3_762022_06.qgd,3448558,8793185,5081589,8410147,1301428,331233,9192062,0,5611644
STD3uL0.01rep1_6282022_04.qgd,0,0,0,49345,0,83716,0,0,21595
STD3uL0.01rep2_6282022_04.qgd,1068758,4207947,4076650,5155674,993132,1011764,5587491,0,2077806
STD3uL0.01rep3_6302022_04.qgd,1036131,2435506,1790226,2647227,1064017,235175,3846017,0,1285552
Alkanes3uLof10uLmL_9282022_10.qgd,27270,0,0,67344,0,234157,0,0,0
Blank1_9282022_11.qgd,0,0,0,0,0,51698,33980,0,0
Blank2_9282022_12.qgd,0,0,12214,0,0,24181,13585,0,0
STD3uL0.0001D2Septrep1_9282022_01.qgd,74513,182217,84989,101575,0,202307,109966,0,0
STD3uL0.0001D2Septrep2_9282022_02.qgd,73507,157183,94581,78074,0,190795,0,0,0
STD3uL0.0001D2Septrep3_9282022_03.qgd,82608,286175,99929,81067,0,221068,73961,0,0
STD3uL0.001D2Septrep1_9282022_04.qgd,787392,913117,403238,774572,232933,193592,281646,135710,526704
STD3uL0.001D2Septrep2_9282022_05.qgd,606248,521708,271442,429211,0,155872,315015,0,373546
STD3uL0.001D2Septrep3_9282022_06.qgd,758152,640114,202939,498072,0,185195,179631,102260,435923
STD3uL0.01D2Septrep1_9282022_07.qgd,1474996,5646829,3029123,5288597,1231240,211612,5159746,0,3132502
STD3uL0.01D2Septrep2_9282022_08.qgd,1533019,5804899,3378130,5515913,1444260,233220,5433270,0,2686985
STD3uL0.01D2Septrep3_9282022_09.qgd,1423807,6298340,3403278,6485372,1885043,155125,6328849,0,3457829
Blank1_6202023_01.qgd,0,0,0,0,0,460409,0,0,0
Blank2_6202023_11.qgd,0,246348,0,879899,0,296990,83972,885747,245075
Blank3_6202023_12.qgd,0,0,0,130131,0,81809,0,355730,22475
STD3uL0.0001rep1_6202023_02.qgd,286088,386034,0,212658,0,1356298,0,2140143,0
STD3uL0.0001rep2_6202023_03.qgd,0,0,0,437355,0,0,0,0,0
STD3uL0.0001rep3_6202023_04.qgd,0,0,0,0,0,0,0,0,0
STD3uL0.001rep1_6202023_05.qgd,1838947,7380536,6445877,7488438,3759340,2023375,4458029,12549000,3693105
STD3uL0.001rep2_6202023_06.qgd,1635142,8849548,0,8449441,0,3780115,0,12194835,3887240
STD3uL0.001rep3_6202023_07.qgd,1249045,7211482,5312951,7004498,1922075,1833252,5698106,10077043,3179701
STD3uL0.01rep1_6202023_08.qgd,2622973,10119734,7852089,12436601,4786173,2916193,6405969,10465620,5380126
STD3uL0.01rep2_6202023_09.qgd,5060766,30503185,28105842,49887648,14815240,6714338,33437680,53785678,20648816
STD3uL0.01rep3_6202023_10.qgd,7566427,49307849,41183970,55501803,16313507,0,34485421,57991861,23853588
